,title,companyName,location,via,description,jobHighlights,relatedLinks,thumbnail,extras,metadata,applyLink,job_title,run_time
0,Machine Learning Engineer,Electronic Arts,Toronto,via Search,"Join us for an opportunity to work with the best game development teams in the world. We are looking for a Machine Learning Engineer to join the tools development and automation team supporting Bioware, Motive, Cliffhanger, Maxis, Full Circle and Mobile.

This Machine Learning Engineer role in the Quality Engineering organization works with Quality Assurance and Game Development teams to create tools and technical strategies. The goal is to improve automation infrastructure and increasing efficiencies in the Game Development and QA processes.

You will develop an in-depth understanding of product designs, use EA proprietary tools to create unique automated tests, form test strategies for implementation of technologies, and will think laterally to identify requirements, roadblocks, or efficiencies that your partners may not consider.

Responsibilities
• Build sustainable software tools, tests, and services to empower development teams, and Quality Assurance.
• Use modern software... engineering processes and best practices for requirements, design, implementation, and testing.
• You will work with all disciplines to gather requirements, collaborate on solutions, and implement.
• Measurably improve process and best practices to achieve targets across a small team of engineers.
• Create clear documentation to support workflow processes.
• Develop automation frameworks, tools, engine components and processes used across studios.
• Design, author, test, and deploy automated tests to cover all test scenarios.
• Interpret requests from your QA and engineering partners, account for and call out any roadblocks or efficiencies your partners may not consider, and propose and apply your creative or technical solutions.

Qualifications
• 7+ year experience in a hands-on development role.
• 3+ years of professional experience working with large language models and large data manipulation.
• 3+ years of professional development experience with OOP Languages.
• Experience with major cloud providers.
• Contributor to technical architecture and design documents for small/medium sized features
• A solid foundation in Computer Science fundamentals, algorithms, design patterns, test-driven development, CI/CD processes, and data structures.
• Bachelor's degree in Computer, Software Engineering, Computer Science Degree or related concentration, equivalent and/or combination of education and work experience.

COMPENSATION AND BENEFITS

The base salary ranges listed below are for the defined geographic market pay zones in these locations. If you reside outside of these locations, a recruiter will advise on the range and benefits for your specific location.

EA has listed the base salary ranges it in good faith expects to pay applicants for this role in the locations listed, as of the time of this posting. Pay offered will be determined based on numerous relevant business and candidate factors including, for example, education, qualifications, certifications, experience, skills, geographic location, and business or organizational needs.

BASE SALARY RANGES

• California (depending on location e.g. Los Angeles vs. Sacramento):

º $130,250 - $199,400 USD Annually

• New York (depending on location e.g. Manhattan vs. Buffalo):

º $120,450 - $199,400 USD Annually

• Jersey City, NJ :

º $147,400 - $199,400 USD Annually

• Colorado (depending on location e.g. Denver vs. Colorado Springs):

º $120,450 - $161,750 USD Annually

• Washington (depending on location e.g. Seattle vs. Spokane):

º $120,450 - $188,600 USD Annually

• British Columbia (depending on location e.g. Vancouver vs. Victoria):

º $93,700 - $153,900 CAN Annually

Base salary is just one part of the overall compensation at EA. In the US, we offer a package of benefits including paid time off (3 weeks per year to start), 80 hours per year of sick time, 16 paid company holidays per year, 10 weeks paid time off to bond with baby, medical/dental/vision insurance, life insurance, disability insurance, and 401(k) to regular full-time employees. Certain roles may also be eligible for bonus and equity. For British Columbia, we offer a package of benefits including vacation (3 weeks per year to start), 10 days per year of sick time, paid top-up to EI/QPIP benefits up to 100% of base salary when you welcome a new child (12 weeks for maternity, and 4 weeks for parental/adoption leave), extended health/dental/vision coverage, life insurance, disability insurance, retirement plan to regular full-time employees. Certain roles may also be eligible for bonus and equity","[{'items': [""Join us for an opportunity to work with the best game development teams in the world. We are looking for a Machine Learning Engineer to join the tools development and automation team supporting Bioware, Motive, Cliffhanger, Maxis, Full Circle and Mobile.\n\nThis Machine Learning Engineer role in the Quality Engineering organization works with Quality Assurance and Game Development teams to create tools and technical strategies. The goal is to improve automation infrastructure and increasing efficiencies in the Game Development and QA processes.\n\nYou will develop an in-depth understanding of product designs, use EA proprietary tools to create unique automated tests, form test strategies for implementation of technologies, and will think laterally to identify requirements, roadblocks, or efficiencies that your partners may not consider.\n\nResponsibilities\n• Build sustainable software tools, tests, and services to empower development teams, and Quality Assurance.\n• Use modern software... engineering processes and best practices for requirements, design, implementation, and testing.\n• You will work with all disciplines to gather requirements, collaborate on solutions, and implement.\n• Measurably improve process and best practices to achieve targets across a small team of engineers.\n• Create clear documentation to support workflow processes.\n• Develop automation frameworks, tools, engine components and processes used across studios.\n• Design, author, test, and deploy automated tests to cover all test scenarios.\n• Interpret requests from your QA and engineering partners, account for and call out any roadblocks or efficiencies your partners may not consider, and propose and apply your creative or technical solutions.\n\nQualifications\n• 7+ year experience in a hands-on development role.\n• 3+ years of professional experience working with large language models and large data manipulation.\n• 3+ years of professional development experience with OOP Languages.\n• Experience with major cloud providers.\n• Contributor to technical architecture and design documents for small/medium sized features\n• A solid foundation in Computer Science fundamentals, algorithms, design patterns, test-driven development, CI/CD processes, and data structures.\n• Bachelor's degree in Computer, Software Engineering, Computer Science Degree or related concentration, equivalent and/or combination of education and work experience.\n\nCOMPENSATION AND BENEFITS\n\nThe base salary ranges listed below are for the defined geographic market pay zones in these locations. If you reside outside of these locations, a recruiter will advise on the range and benefits for your specific location.\n\nEA has listed the base salary ranges it in good faith expects to pay applicants for this role in the locations listed, as of the time of this posting. Pay offered will be determined based on numerous relevant business and candidate factors including, for example, education, qualifications, certifications, experience, skills, geographic location, and business or organizational needs.\n\nBASE SALARY RANGES\n\n• California (depending on location e.g. Los Angeles vs. Sacramento):\n\nº $130,250 - $199,400 USD Annually\n\n• New York (depending on location e.g. Manhattan vs. Buffalo):\n\nº $120,450 - $199,400 USD Annually\n\n• Jersey City, NJ :\n\nº $147,400 - $199,400 USD Annually\n\n• Colorado (depending on location e.g. Denver vs. Colorado Springs):\n\nº $120,450 - $161,750 USD Annually\n\n• Washington (depending on location e.g. Seattle vs. Spokane):\n\nº $120,450 - $188,600 USD Annually\n\n• British Columbia (depending on location e.g. Vancouver vs. Victoria):\n\nº $93,700 - $153,900 CAN Annually\n\nBase salary is just one part of the overall compensation at EA. In the US, we offer a package of benefits including paid time off (3 weeks per year to start), 80 hours per year of sick time, 16 paid company holidays per year, 10 weeks paid time off to bond with baby, medical/dental/vision insurance, life insurance, disability insurance, and 401(k) to regular full-time employees. Certain roles may also be eligible for bonus and equity. For British Columbia, we offer a package of benefits including vacation (3 weeks per year to start), 10 days per year of sick time, paid top-up to EI/QPIP benefits up to 100% of base salary when you welcome a new child (12 weeks for maternity, and 4 weeks for parental/adoption leave), extended health/dental/vision coverage, life insurance, disability insurance, retirement plan to regular full-time employees. Certain roles may also be eligible for bonus and equity""]}]","[{'link': 'http://ea.com/', 'text': 'ea.com'}, {'link': 'https://www.google.com/search?sca_esv=596736736&q=Electronic+Arts&sa=X&ved=0ahUKEwi9zanQqs-DAxVipJUCHVkvAxsQmJACCMcJ', 'text': 'See web results for Electronic Arts'}]",https://encrypted-tbn0.gstatic.com/images?q=tbn:ANd9GcT0d3-N1U7HPv3WZYH4pfD9vs_TUS1mYUGsmhSM&s=0,"['Full-time', 'Health insurance', 'Dental insurance', 'Paid time off']",{'scheduleType': 'Full-time'},"{'title': '.nFg2eb{font-weight:500}.Bi6Ddc{font-weight:500}Apply on Search', 'link': 'https://ea.gr8people.com/jobs/181158/machine-learning-engineer?utm_campaign=google_jobs_apply&utm_source=google_jobs_apply&utm_medium=organic'}",Machine Learning Engineer,2024-01-08 22:11:06.887592
1,Senior Deep Learning Algorithm Engineer,NVIDIA,Toronto,via LinkedIn,"We are now looking for a Senior Deep Learning Algorithms Software Engineer. NVIDIA is seeking software engineers for its Deep Learning Algorithms team to develop and commercialize Artificial Intelligence solutions to diverse real-world problems related to NLP, Computer Vision, Speech, Text, Recommendation Systems etc. Academic and commercial groups around the world are using GPUs to redefine AI... and data analytics, and to power data centers. Come and help the team building the software which will be used globally. You will have a unique opportunity to interact with the scientific community to implement and improve the latest AI algorithms.

If you have a good understanding of deep learning and a strong algorithmic background, with exposure to computer architecture and performance, then this role may be a great fit for you! Collaborate and interact with internal partners, users, and members of the open source community to analyze, define and implement highly optimized AI algorithms. The scope of these efforts includes a combination of implementing new algorithms, performance/accuracy tuning and analysis, defining APIs, analyzing functionality coverage, and other general software engineering work. The ability to work in a dynamic, product-centric environment with excellent interpersonal skills are required, to be successful in this role.

What You’ll Be Doing
• Develop algorithms for deep learning, data analytics, machine learning, or scientific computing
• Construct and curate large problem specific datasets
• Analyze and improve performance of GPU implementations
• Collaborate with team members and other partners
• Publish state-of-the-art results on Github and scientific publications
• Keep up with the latest DL research and collaborate with diverse teams (internal and external to NVIDIA), including DL researchers, hardware and software engineers

What We Need To See
• PhD or Master's Degree or equivalent experience in Computer Science, Computer Engineering, AI, Applied Math, or related field
• 3+ years of industry experience in Computer Science, Artificial Intelligence, Applied Math, or related field
• Strong Mathematical fundamentals and algorithms skills or experience
• Excellent programming, debugging, performance analysis, and test design skills
• Prior experience with Large Language Models, Multimodal unsupervised learning and Generative AI
• Experience with Deep Learning Frameworks (e.g. TensorFlow, PyTorch, MXNet)
• Excellent C/C++ and Python programming skills
• Ability to work independently and manage individuals’ R&D efforts
• Good communication and documentation habits

Ways To Stand Out From The Crowd
• GPU programming (CUDA or OpenCL)
• Experience doing performance analysis and tuning
• Exposure to HW architecture, ideally accelerators, and to numerical software
• Project management tools (e.g. JIRA, Git, Microsoft Project)

Does the idea of pushing the boundaries of state-of-the-art research and development excite you? Interested in getting exposure to the entire DL SW stack? Then come join us and help build the GPU-accelerated DL platform used worldwide. NVIDIA is widely considered to be one of the technology world’s most desirable employers. We have some of the most forward-thinking and hardworking people on the planet working for us. If you're creative and autonomous, we want to hear from you!

The base salary range is 176,000 USD - 333,500 USD. Your base salary will be determined based on your location, experience, and the pay of employees in similar positions.

You will also be eligible for equity and benefits . NVIDIA accepts applications on an ongoing basis.

NVIDIA is committed to fostering a diverse work environment and proud to be an equal opportunity employer. As we highly value diversity in our current and future employees, we do not discriminate (including in our hiring and promotion practices) on the basis of race, religion, color, national origin, gender, gender expression, sexual orientation, age, marital status, veteran status, disability status or any other characteristic protected by law.#deeplearning","[{'title': 'Qualifications', 'items': [""PhD or Master's Degree or equivalent experience in Computer Science, Computer Engineering, AI, Applied Math, or related field"", '3+ years of industry experience in Computer Science, Artificial Intelligence, Applied Math, or related field', 'Strong Mathematical fundamentals and algorithms skills or experience', 'Excellent programming, debugging, performance analysis, and test design skills', 'Prior experience with Large Language Models, Multimodal unsupervised learning and Generative AI', 'Experience with Deep Learning Frameworks (e.g', 'TensorFlow, PyTorch, MXNet)', 'Excellent C/C++ and Python programming skills', 'Ability to work independently and manage individuals’ R&D efforts', 'Good communication and documentation habits', 'GPU programming (CUDA or OpenCL)', 'Experience doing performance analysis and tuning', 'Exposure to HW architecture, ideally accelerators, and to numerical software', 'Project management tools (e.g']}, {'title': 'Responsibilities', 'items': ['Come and help the team building the software which will be used globally', 'You will have a unique opportunity to interact with the scientific community to implement and improve the latest AI algorithms', 'If you have a good understanding of deep learning and a strong algorithmic background, with exposure to computer architecture and performance, then this role may be a great fit for you!', 'Collaborate and interact with internal partners, users, and members of the open source community to analyze, define and implement highly optimized AI algorithms', 'The scope of these efforts includes a combination of implementing new algorithms, performance/accuracy tuning and analysis, defining APIs, analyzing functionality coverage, and other general software engineering work', 'Develop algorithms for deep learning, data analytics, machine learning, or scientific computing', 'Construct and curate large problem specific datasets', 'Analyze and improve performance of GPU implementations', 'Collaborate with team members and other partners', 'Publish state-of-the-art results on Github and scientific publications', 'Keep up with the latest DL research and collaborate with diverse teams (internal and external to NVIDIA), including DL researchers, hardware and software engineers']}, {'title': 'Benefits', 'items': ['Your base salary will be determined based on your location, experience, and the pay of employees in similar positions', 'You will also be eligible for equity and benefits']}]","[{'link': 'http://www.nvidia.com/', 'text': 'nvidia.com'}, {'link': 'https://www.google.com/search?sca_esv=596736736&q=NVIDIA&sa=X&ved=0ahUKEwi9zanQqs-DAxVipJUCHVkvAxsQmJACCJwK', 'text': 'See web results for NVIDIA'}]",https://encrypted-tbn0.gstatic.com/images?q=tbn:ANd9GcTrnj-jWP_4k3Eo1WP9b8nmUrK0lncjf1fLxsMrkbk&s,"['5 days ago', 'Full-time', 'Health insurance']","{'postedAt': '5 days ago', 'scheduleType': 'Full-time'}","{'title': 'Apply on LinkedIn', 'link': 'https://www.linkedin.com/jobs/view/senior-deep-learning-algorithm-engineer-at-nvidia-3798262381?utm_campaign=google_jobs_apply&utm_source=google_jobs_apply&utm_medium=organic'}",Machine Learning Engineer,2024-01-08 22:11:06.887592
2,Machine Learning Engineer- MSI,Apple,Toronto,via Careers At Apple,"Summary
Posted: Oct 5, 2023
Weekly Hours: 40...
Role Number:200507719

Imagine what you could do here. At Apple, we believe new insights have a way of becoming excellent products, services, and customer experiences very quickly. Bring passion and dedication to your job and there's no telling what you could accomplish.

The Product Operations Machine Learning team is looking for a machine learning engineer who wants to develop cutting edge domain-specific deep learning solutions. Our team is responsible for building, deploying and scaling ML solutions across Apple’s industrial manufacturing operations. This role provides the opportunity to make a significant impact on Apple Products, and create the future of smart manufacturing at Apple.

Key Qualifications

Key Qualifications
• 7+ years of hands-on experience applying deep learning to high-impact challenges
• Excellent collaborative software development skills, including design review and code review
• Experience designing and implementing ML experiments — establishing appropriate metrics, benchmarks, milestones, and communicating results to stakeholders with varying levels of technical background
• Knowledge of common ML tools and deep learning libraries (Python, TensorFlow, PyTorch, etc.)
• Experience mentoring students or junior researchers is a plus
• Interest and experience in ML Ops is a plus, as is experience in continual learning, domain generalization, data efficiency, knowledge transfer and applications of foundation models

Description

Description
Our Operations team ensures that Apple’s ground breaking designs become industry-leading products. In this role you will join a small team at the heart of our factory-specific ML capabilities. Our team owns, maintains and improves the core ML libraries that engineers use to train cutting edge models for factory deployment. We improve core capabilities through applied research, with partners in academia and across Apple’s research org. We are seeking an experienced machine learning engineer who can drive our applied research efforts and collaborate with research partners to increase data efficiency and improve model generalization without sacrificing model accuracy.

Successful applicants are self-motivated, excellent problem solvers, who are quick to build relationships and want to close the gap between research and impact, even if the gap seems small or logistically thorny. You will have opportunities to broadly demonstrate and publish your work.

Education & Experience

Education & Experience
Bachelors or Masters in Computer Science, Machine Learning, or higher level degree PhD preferred

Additional Requirements

Additional Requirements

Pay & Benefits

Pay & Benefits
• At Apple, base pay is one part of our total compensation package and is determined within a range. This provides the opportunity to progress as you grow and develop within a role. The base pay range for this role is between $161,700 and $243,300, and your base pay will depend on your skills, qualifications, experience, and location.

Apple employees also have the opportunity to become an Apple shareholder through participation in Apple’s discretionary employee stock programs. Apple employees are eligible for discretionary restricted stock unit awards, and can purchase Apple stock at a discount if voluntarily participating in Apple’s Employee Stock Purchase Plan. You’ll also receive benefits including: Comprehensive medical and dental coverage, retirement benefits, a range of discounted products and free services, and for formal education related to advancing your career at Apple, reimbursement for certain educational expenses — including tuition. Additionally, this role might be eligible for discretionary bonuses or commission payments as well as relocation. Learn more about Apple Benefits.

Note: Apple benefit, compensation and employee stock programs are subject to eligibility requirements and other terms of the applicable plan or program","[{'title': 'Qualifications', 'items': ['7+ years of hands-on experience applying deep learning to high-impact challenges', 'Excellent collaborative software development skills, including design review and code review', 'Experience designing and implementing ML experiments — establishing appropriate metrics, benchmarks, milestones, and communicating results to stakeholders with varying levels of technical background', 'Knowledge of common ML tools and deep learning libraries (Python, TensorFlow, PyTorch, etc.)', 'Successful applicants are self-motivated, excellent problem solvers, who are quick to build relationships and want to close the gap between research and impact, even if the gap seems small or logistically thorny']}, {'title': 'Responsibilities', 'items': ['Our team is responsible for building, deploying and scaling ML solutions across Apple’s industrial manufacturing operations', 'This role provides the opportunity to make a significant impact on Apple Products, and create the future of smart manufacturing at Apple', 'You will have opportunities to broadly demonstrate and publish your work']}, {'title': 'Benefits', 'items': ['Pay & Benefits', 'At Apple, base pay is one part of our total compensation package and is determined within a range', 'The base pay range for this role is between $161,700 and $243,300, and your base pay will depend on your skills, qualifications, experience, and location', 'Apple employees also have the opportunity to become an Apple shareholder through participation in Apple’s discretionary employee stock programs', 'You’ll also receive benefits including: Comprehensive medical and dental coverage, retirement benefits, a range of discounted products and free services, and for formal education related to advancing your career at Apple, reimbursement for certain educational expenses — including tuition', 'Additionally, this role might be eligible for discretionary bonuses or commission payments as well as relocation']}]","[{'link': 'http://www.apple.com/', 'text': 'apple.com'}, {'link': 'https://www.google.com/search?sca_esv=596736736&q=Apple&sa=X&ved=0ahUKEwi9zanQqs-DAxVipJUCHVkvAxsQmJACCO8K', 'text': 'See web results for Apple'}]",https://encrypted-tbn0.gstatic.com/images?q=tbn:ANd9GcRrGv1mwjAAcRpCBNFJqhHUrLDBCojde7VFUsuc87k&s,"['Full-time', 'Health insurance', 'Dental insurance']",{'scheduleType': 'Full-time'},"{'title': 'Apply on Careers At Apple', 'link': 'https://jobs.apple.com/en-us/details/200507719/machine-learning-engineer-msi?utm_campaign=google_jobs_apply&utm_source=google_jobs_apply&utm_medium=organic'}",Machine Learning Engineer,2024-01-08 22:11:06.887592
3,Machine Learning Engineer (Remote Eligible),Smartsheet,Toronto,via Greenhouse,"In 2005, Smartsheet was founded on the idea that teams and millions of people worldwide deserve a better way to deliver their very best work. Today, we deliver a leading cloud-based platform for work execution, empowering organizations to plan, capture, track, automate, and report on work at scale, resulting in more efficient processes and better business outcomes.

You will report to our Sr... Director, Data Science & BI located in our Bellevue, WA office, or you may work remotely from anywhere in the US where Smartsheet is a registered employer.

You Will:
• Build and deploy Machine Learning (ML) models and data pipelines, from training to inference, in production using MLOps best practices.
• Use pre-trained Generative AI models, deep learning models or traditional machine learning models to solve customer problems.
• Monitor and maintain production ML models by identifying and correcting for model drift/staleness, incorporating user feedback loops, and retraining models as necessary.
• Evaluate and recommend AI or ML solutions for the product using any combination of vendor solutions and/or custom built models.
• Distill complex ML concepts into easy to follow technical documentation.
• Partner effectively with software engineers and product managers to integrate the machine learning solution into the product.

You Have:
• 3+ years of experience with creating, deploying and scaling machine learning solutions in a cloud environment (eg. AWS, GCP, Azure) and ability to use tools such as SageMaker, Glue, Lambda, Docker etc. to create ML models and data pipelines.
• 3+ years of experience in developing deep learning (especially NLP models) and traditional ML models using common frameworks like pytorch, tensorflow, huggingface, scikit-learn etc.
• 4+ years of programming experience in languages used in AI/ML (eg python, scala etc)
• Strong applied data science skills - ability to recognize data patterns, understand how and when to use various machine learning approaches (eg. supervised/unsupervised learning, deep learning etc.), and evaluate the performance of ML algorithms.
• Proven ability to remain up-to-date with the latest advancements in Generative AI approaches (eg. OpenAI, LangChain, Stable Diffusion APIs).
• Experience developing, documenting, and supporting REST APIs
• A degree in Computer Science, Engineering, or a related field or equivalent practical experience.
• Legally eligible to work in the U.S. on an ongoing basis

Perks & Benefits:
• HSA, 100% employer-paid premiums, or buy-up medical/vision and dental coverage options for full-time employees
• Equity - Restricted Stock Units (RSUs) for eligible roles
• Lucrative Employee Stock Purchase Program (15% discount)
• 401k Match to help you save for your future (50% of your contribution up to the first 6% of your eligible pay)
• Monthly stipend to support your work and productivity
• Flexible Time Away Program, plus Incidental Sick Leave
• US employees are automatically covered under Smartsheet-sponsored life insurance, short-term, and long-term disability plans
• US employees receive 12 paid holidays per year
• Up to 24 weeks of Parental Leave
• Personal paid Volunteer Day to support our community
• Opportunities for professional growth and development including access to LinkedIn Learning online courses
• Company Funded Perks, including a counseling membership, local retail discounts, and your own personal Smartsheet account
• Teleworking options from any registered location in the U.S. (role specific)
• Smartsheet provides a competitive base salary range for roles that may be hired in different geographic areas we are licensed to operate our business from. Actual compensation is determined by several factors including, but not limited to, level of professional, educational experience, skills, and specific candidate location. In addition, this role will be eligible for a market competitive incentive opportunity and RSU stock grant upon accepted offer. California & New York: $124,200 to $178,200 | All other US States: $115,000 to $165,000.

Get to Know Us:

At Smartsheet, we’ve created a place where everyone is welcome — people from all over the world, all backgrounds, all ages, all colors, and all beliefs working side by side. Here, everyone can make a difference and empower others to do the same. You’re encouraged to apply even if your experience doesn’t precisely match our job description—if your career path has been nontraditional, that will set you apart. At Smartsheet, we empower everyone, everywhere to change the way the world works—join us

Equal Opportunity Employer:

Smartsheet is an Equal Opportunity Employer committed to fostering an inclusive environment with the best employees. We provide employment opportunities without regard to any legally protected status in accordance with applicable laws in the US, UK, Australia, Japan, Costa Rica, and Germany. If there are preparations we can make to help ensure you have a comfortable and positive interview experience, please let us know","[{'title': 'Qualifications', 'items': ['3+ years of experience with creating, deploying and scaling machine learning solutions in a cloud environment (eg', 'AWS, GCP, Azure) and ability to use tools such as SageMaker, Glue, Lambda, Docker etc', '4+ years of programming experience in languages used in AI/ML (eg python, scala etc)', 'Strong applied data science skills - ability to recognize data patterns, understand how and when to use various machine learning approaches (eg', 'supervised/unsupervised learning, deep learning etc.), and evaluate the performance of ML algorithms', 'Experience developing, documenting, and supporting REST APIs', 'A degree in Computer Science, Engineering, or a related field or equivalent practical experience', 'Legally eligible to work in the U.S. on an ongoing basis']}, {'title': 'Responsibilities', 'items': ['Build and deploy Machine Learning (ML) models and data pipelines, from training to inference, in production using MLOps best practices', 'Use pre-trained Generative AI models, deep learning models or traditional machine learning models to solve customer problems', 'Monitor and maintain production ML models by identifying and correcting for model drift/staleness, incorporating user feedback loops, and retraining models as necessary', 'Evaluate and recommend AI or ML solutions for the product using any combination of vendor solutions and/or custom built models', 'Distill complex ML concepts into easy to follow technical documentation', 'Partner effectively with software engineers and product managers to integrate the machine learning solution into the product']}, {'title': 'Benefits', 'items': ['HSA, 100% employer-paid premiums, or buy-up medical/vision and dental coverage options for full-time employees', 'Equity - Restricted Stock Units (RSUs) for eligible roles', 'Lucrative Employee Stock Purchase Program (15% discount)', '401k Match to help you save for your future (50% of your contribution up to the first 6% of your eligible pay)', 'Monthly stipend to support your work and productivity', 'Flexible Time Away Program, plus Incidental Sick Leave', 'US employees are automatically covered under Smartsheet-sponsored life insurance, short-term, and long-term disability plans', 'US employees receive 12 paid holidays per year', 'Up to 24 weeks of Parental Leave', 'Personal paid Volunteer Day to support our community', 'Opportunities for professional growth and development including access to LinkedIn Learning online courses', 'Company Funded Perks, including a counseling membership, local retail discounts, and your own personal Smartsheet account', 'Teleworking options from any registered location in the U.S. (role specific)', 'Smartsheet provides a competitive base salary range for roles that may be hired in different geographic areas we are licensed to operate our business from', 'Actual compensation is determined by several factors including, but not limited to, level of professional, educational experience, skills, and specific candidate location', 'In addition, this role will be eligible for a market competitive incentive opportunity and RSU stock grant upon accepted offer']}]","[{'link': 'http://www.smartsheet.com/', 'text': 'smartsheet.com'}, {'link': 'https://www.google.com/search?sca_esv=596736736&q=Smartsheet&sa=X&ved=0ahUKEwi9zanQqs-DAxVipJUCHVkvAxsQmJACCMQL', 'text': 'See web results for Smartsheet'}]",https://encrypted-tbn0.gstatic.com/images?q=tbn:ANd9GcT5wLEsTIgfGdjRk4thv7ljjAU72RuU9HLgufBf&s=0,"['Full-time', 'Health insurance', 'Dental insurance']",{'scheduleType': 'Full-time'},"{'title': 'Apply on Greenhouse', 'link': 'https://boards.greenhouse.io/smartsheet/jobs/5360976?utm_campaign=google_jobs_apply&utm_source=google_jobs_apply&utm_medium=organic'}",Machine Learning Engineer,2024-01-08 22:11:06.887592
4,Machine Learning Engineer,Adobe,Toronto,via Adobe Careers,"JOB LEVEL
P40
...
EMPLOYEE ROLE
Individual Contributor

Machine Learning Engineer

The Opportunity

The Adobe Document Cloud's AI & Innovation Team is looking for an experienced Senior ML Engineer to help with a variety of Machine Learning (ML) related projects. The Adobe Document Cloud is responsible for technologies for building, manipulating and consuming PDF files across a range of services, mobile apps and desktop products. The flagship PDF application within DC is Adobe Acrobat, which is installed on over a billion devices and opens billions of PDFs every year. Our offerings extend beyond Acrobat to Adobe Sign, Document Cloud Platform, and Adobe Scan.

The team’s mission is to use ML to build new experiences with documents, across our entire suite of offerings. Our most recent public features are Liquid Mode, allowing a seamless reflow experience for PDFs on phones and tablets; PDF Extract API for unlocking the structure and content elements of any PDF; Table Decomposition feature in Liquid Mode; and now new generative AI features. All products are driven by AI. Our team’s solutions are deployed on mobile devices, in the cloud, and on desktop.

As an ML leader, you will get to democratize (generative) AI for all, and empower a team of accomplished scientists and engineers who are dedicated to building the future of AI and documents, and delivering delightful experiences.
What you'll do

We are looking for a Senior full-stack ML Engineer to design, lead and facilitate various tech transfer efforts from Adobe Research to Document Cloud which includes system design, ML model assessment, building data pipelines, automation architecture, visualization, system deployment, and the creation of prototypes to help validate our ideas.

If you have a passion for shipping groundbreaking data-driven customer-facing features, learning new technologies every day, and working on high visibility projects with ample room for creativity, this might be a good fit for you.

On the team you will join a diverse, lively group of engineers and scientists.

The work is dynamic, fast-paced, creative, collaborative and data-driven.
What we are looking for:
• MS or PhD in computer science or a related technical field.
• 5+ years of industry work experience. Good sense of product with a focus on shipping user-facing data-driven features.
• Expertise in Python and Python based ML/DL and Data Science frameworks.
• Excellent coding, analysis, and problem-solving skills. Proven knowledge of data structure and algorithms.
• Familiarity in relevant machine learning frameworks and packages such as Tensorflow, PyTorch and HuggingFace
• Experience working with Product Management and decomposing feature requirements into technical work items to ship products
• Experience with generative AI, knowledge of ML Ops and ML services is a plus. This includes Pinecone, LangChain, Weights and Biases etc.
• Familiarity with deployment technologies such as Docker, Kubernetes and Triton are a plus
• Strong communication and collaboration skills

Our compensation reflects the cost of labor across several  U.S. geographic markets, and we pay differently based on those defined markets. The U.S. pay range for this position is $127,400 -- $238,700 annually. Pay within this range varies by work location and may also depend on job-related knowledge, skills, and experience. Your recruiter can share more about the specific salary range for the job location during the hiring process.

At Adobe, for sales roles starting salaries are expressed as total target compensation (TTC = base + commission), and short-term incentives are in the form of sales commission plans. Non-sales roles starting salaries are expressed as base salary and short-term incentives are in the form of the Annual Incentive Plan (AIP).

In addition, certain roles may be eligible for long-term incentives in the form of a new hire equity award.

Internal Opportunities

Creativity, curiosity, and constant learning are celebrated aspects of your career growth journey. We’re glad that you’re pursuing a new opportunity at Adobe!

Put your best foot forward:

1. Update your Resume/CV and Workday profile – don’t forget to include your uniquely ‘Adobe’ experiences and volunteer work.

2. Visit the Internal Mobility page on Inside Adobe to learn more about the process and set up a job alert for roles you’re interested in.

3. Check out these tips to help you prep for interviews.

4. If you are applying for a role outside of your current country, ensure you review the International Resources for Relocating Employees on Inside Adobe, including the impacts to your Benefits, AIP, Equity & Payroll.

Once you apply for a role via Workday, the Talent Team will reach out to you within 2 weeks. If you move into the official interview process with the hiring team, make sure you inform your manager so they can champion your career growth.

At Adobe, you will be immersed in an exceptional work environment that is recognized around the world. You will also be surrounded by colleagues who are committed to helping each other grow through our unique Check-In approach where ongoing feedback flows freely. If you’re looking to make an impact, Adobe's the place for you. Discover what our employees are saying about their career experiences on the Adobe Life blog and explore the meaningful benefits we offer.

Adobe is an equal opportunity and affirmative action employer. We welcome and encourage diversity in the workplace regardless of gender, race or color, ethnicity or national origin, age, disability, religion, sexual orientation, gender identity or expression, veteran status, or any other characteristics protected by law.

If you have a disability or special need that requires accommodation to navigate our internal careers site or to complete the application process, please contact accommodations@adobe.com","[{'title': 'Qualifications', 'items': ['MS or PhD in computer science or a related technical field', '5+ years of industry work experience', 'Good sense of product with a focus on shipping user-facing data-driven features', 'Expertise in Python and Python based ML/DL and Data Science frameworks', 'Excellent coding, analysis, and problem-solving skills', 'Proven knowledge of data structure and algorithms', 'Familiarity in relevant machine learning frameworks and packages such as Tensorflow, PyTorch and HuggingFace', 'Experience working with Product Management and decomposing feature requirements into technical work items to ship products', 'This includes Pinecone, LangChain, Weights and Biases etc', 'Strong communication and collaboration skills', 'Update your Resume/CV and Workday profile – don’t forget to include your uniquely ‘Adobe’ experiences and volunteer work', 'Visit the Internal Mobility page on Inside Adobe to learn more about the process and set up a job alert for roles you’re interested in']}, {'title': 'Benefits', 'items': ['Our compensation reflects the cost of labor across several U.S. geographic markets, and we pay differently based on those defined markets', 'The U.S. pay range for this position is $127,400 -- $238,700 annually', 'At Adobe, for sales roles starting salaries are expressed as total target compensation (TTC = base + commission), and short-term incentives are in the form of sales commission plans', 'Non-sales roles starting salaries are expressed as base salary and short-term incentives are in the form of the Annual Incentive Plan (AIP)', 'In addition, certain roles may be eligible for long-term incentives in the form of a new hire equity award']}]","[{'link': 'http://www.adobe.com/', 'text': 'adobe.com'}, {'link': 'https://www.google.com/search?sca_esv=596736736&q=Adobe&sa=X&ved=0ahUKEwi9zanQqs-DAxVipJUCHVkvAxsQmJACCJUM', 'text': 'See web results for Adobe'}]",,"['3 days ago', 'Full-time']","{'postedAt': '3 days ago', 'scheduleType': 'Full-time'}","{'title': 'Apply on Adobe Careers', 'link': 'https://careers.adobe.com/us/en/job/R139733/Machine-Learning-Engineer?utm_campaign=google_jobs_apply&utm_source=google_jobs_apply&utm_medium=organic'}",Machine Learning Engineer,2024-01-08 22:11:06.887592
5,Entry Level Machine Learning Engineer (Remote),SynergisticIT,Toronto,via LinkedIn,"SynergisticIT is committed to fast track your career by increasing your career prospects. We provide a broad spectrum of career advancement solutions. Whether you are struggling to find a job or hustling to get noticed by the hiring managers, we can help you stand out in your professional endeavors.

Trusted by thousands of tech enthusiasts, SynergisticIT can bridge your skill and knowledge gap... to make you competent for high-tech jobs. Our invaluable business acumen helps us assist thriving job seekers in achieving their career goals.

Currently, we are looking for adept entry-level Python Developers to work with our elite group of clients, namely Client, PayPal, Expedia Group, Google, Apple, Cognizant, Ford, Cisco, Walmart Labs, etc.

Required Qualifications And Background
• Bachelor's degree or Master's degree in Computer Science, Electrical Engineering, Computer Engineering, Information Systems, IT, Mathematics,
• Mathematics or Statistics background

Skills Required
• 0 to 2 years of experience in Python development
• Deep understanding of the software development life cycle
• Knowledge of Linear Algebra, Statistics, and Mathematics concepts
• Excellent written and verbal communication skills
• Technically inquisitive, self-learner, team player, and highly motivated
• Strong work ethics and creative problem-solving abilities

Preferred Skills
• Deep Learning
• Data visualization
• Scala
• NLP
• Django

Roles and Responsibilities

As an entry-level Python Developer, you need to perform the following duties:
• Write server-side web application logic
• Write scalable and effective codes in Python
• Develop backend components to boost overall application's performance
• Executing tests and fixing bugs in applications and software
• Implement data protection and security solutions
• Connect applications with third-party web services
• Support frontend developers by integrating UI elements into Python applications

Benefits
• Competitive salary
• Flexible work schedule & part-time off
• E-verified
• H1B Filing
• No relocation
• On job technical support
• Skill Enhancement
• Opportunity to work with Fortune 500 Companies

Who can apply?

This job opportunity is best suited for recent IT graduates who want to make a mark in the tech industry and upskill their IT talent. Anyone with a basic knowledge of Python programming or having some experience in building Python software solutions can apply for this position.

Candidate's Outcome : https://www.synergisticit.com/candidate-outcomes/

No third-party candidates or c2c candidates

If you are interested, please apply to the posting.

No phone calls please, Shortlisted candidates would be reached out. No phone calls please, Shortlisted candidates would be reached out you can reach out to me via email on vatsal@synergisticit.com , only after applying to this Job Posting","[{'title': 'Qualifications', 'items': [""Bachelor's degree or Master's degree in Computer Science, Electrical Engineering, Computer Engineering, Information Systems, IT, Mathematics,"", 'Mathematics or Statistics background', '0 to 2 years of experience in Python development', 'Deep understanding of the software development life cycle', 'Knowledge of Linear Algebra, Statistics, and Mathematics concepts', 'Excellent written and verbal communication skills', 'Technically inquisitive, self-learner, team player, and highly motivated', 'Strong work ethics and creative problem-solving abilities', 'Support frontend developers by integrating UI elements into Python applications']}, {'title': 'Responsibilities', 'items': ['As an entry-level Python Developer, you need to perform the following duties:', 'Write server-side web application logic', 'Write scalable and effective codes in Python', ""Develop backend components to boost overall application's performance"", 'Executing tests and fixing bugs in applications and software', 'Implement data protection and security solutions', 'Connect applications with third-party web services']}, {'title': 'Benefits', 'items': ['Competitive salary', 'Flexible work schedule & part-time off', 'No relocation', 'On job technical support', 'Opportunity to work with Fortune 500 Companies']}]","[{'link': 'https://www.google.com/search?sca_esv=596736736&q=SynergisticIT&sa=X&ved=0ahUKEwi9zanQqs-DAxVipJUCHVkvAxsQmJACCOQM', 'text': 'See web results for SynergisticIT'}]",https://encrypted-tbn0.gstatic.com/images?q=tbn:ANd9GcSAcJGPNDwucbwQmeeuAQQJgoAbnOBA7kSOMIp0bFA&s,"['Work from home', 'Part-time and Contractor']","{'scheduleType': 'Part-time and Contractor', 'workFromHome': True}","{'title': 'Apply on LinkedIn', 'link': 'https://www.linkedin.com/jobs/view/entry-level-machine-learning-engineer-remote-at-synergisticit-3767593509?utm_campaign=google_jobs_apply&utm_source=google_jobs_apply&utm_medium=organic'}",Machine Learning Engineer,2024-01-08 22:11:06.887592
6,Machine Learning Engineer - Strategic Data Solutions,Apple,Toronto,via Careers At Apple,"Summary
Posted: Sep 29, 2023
...
Role Number:200501582

Do you love the challenge of solving complex problems that can have a direct and meaningful impact on the company? Do you want to be part of a supportive team that’s constantly learning and having fun while solving tough business problems? We’d love to talk to you if you do!

At Apple, new ideas have a way of quickly becoming outstanding products, services, and customer experiences. Bring passion and dedication to your career, and there's no telling what you could accomplish!
Strategic Data Solutions (SDS) empowers internal partners and optimizes the customer experience by delivering data-driven solutions that mitigate fraud, improve security, and optimize efficiency. Our work touches all parts of Apple, from manufacturing to fulfillment to apps and services. The enormous scale and complexity of the problems and our data present exciting opportunities for pushing the limits of existing data science methods.

As an SDS machine learning engineer, you will work with teams across Apple, using data analysis and predictive modeling techniques to define, build, deploy, and maintain end-to-end operational solutions that have a direct and measurable impact to the company and our customers.

Our commitment to you: We will provide challenging problems that will engage your curiosity. We will provide an organizational culture that values collaboration, problem-solving, and work-life balance. We will provide mentorship to further develop your technical and leadership skills.

Key Qualifications

Key Qualifications
• Practical experience (acquired through work, independent projects, or academic research) in deploying machine learning solutions to answer real-world questions
• Practical experience with implementing data science-related applications in a programming language such as Python, Scala, or Java
• Theoretical understanding of machine learning algorithms and their relative strengths and weaknesses
• Ability to use a querying language such as SQL to extract insights from data
• Demonstrate ability to think holistically about system structures and interactions in order to anticipate technical, business, and customer impact
• Effective communication skills to translate complex concepts and analysis into concise, business-focused solutions
• Team-oriented skills and values to facilitate effective collaboration with business and technical partners

Description

Description
• Engage with stakeholders to translate ambiguous business problems into technical solutions, including finding opportunities, breaking them into solvable segments, defining requirements, assessing level of effort, etc
• Work cooperatively to design data science-driven solutions, balancing the utility of tried-and-true techniques and the benefits of custom solutions
• Collaborate with technical partners to implement robust real-time and batch decisioning in production
• Create reporting and monitor decisioning quality to maintain operational and business metric health
• Investigate trends, assess threat impact, and respond with agile logic changes
• Communicate with stakeholders with varying technical backgrounds and business priorities about your work
• Share what you're learning about novel technologies and methods (in data science, machine learning, data engineering, and software engineering, etc) to improve your team's overall technical capabilities

Education & Experience

Education & Experience
• Graduate degree with research/work experience utilizing data science techniques (including but not limited to Computer Science, Statistics, Political Science, Biology, etc)
• Or Bachelor’s degree with equivalent experience

Additional Requirements

Additional Requirements
• To learn more about opportunities at Apple, visit http://www.apple.com/jobs/us/
• Apple is an Equal Opportunity Employer that is committed to inclusion and diversity. We also take affirmative action to offer employment and advancement opportunities to all applicants, including minorities, women, protected veterans, and individuals with disabilities. Apple will not discriminate or retaliate against applicants who inquire about, disclose, or discuss their compensation or that of other applicants","[{'title': 'Qualifications', 'items': ['Practical experience (acquired through work, independent projects, or academic research) in deploying machine learning solutions to answer real-world questions', 'Practical experience with implementing data science-related applications in a programming language such as Python, Scala, or Java', 'Theoretical understanding of machine learning algorithms and their relative strengths and weaknesses', 'Ability to use a querying language such as SQL to extract insights from data', 'Demonstrate ability to think holistically about system structures and interactions in order to anticipate technical, business, and customer impact', 'Effective communication skills to translate complex concepts and analysis into concise, business-focused solutions', 'Team-oriented skills and values to facilitate effective collaboration with business and technical partners', 'Graduate degree with research/work experience utilizing data science techniques (including but not limited to Computer Science, Statistics, Political Science, Biology, etc)', 'Or Bachelor’s degree with equivalent experience']}, {'title': 'Responsibilities', 'items': ['As an SDS machine learning engineer, you will work with teams across Apple, using data analysis and predictive modeling techniques to define, build, deploy, and maintain end-to-end operational solutions that have a direct and measurable impact to the company and our customers', 'We will provide mentorship to further develop your technical and leadership skills', 'Engage with stakeholders to translate ambiguous business problems into technical solutions, including finding opportunities, breaking them into solvable segments, defining requirements, assessing level of effort, etc', 'Work cooperatively to design data science-driven solutions, balancing the utility of tried-and-true techniques and the benefits of custom solutions', 'Collaborate with technical partners to implement robust real-time and batch decisioning in production', 'Create reporting and monitor decisioning quality to maintain operational and business metric health', 'Investigate trends, assess threat impact, and respond with agile logic changes', 'Communicate with stakeholders with varying technical backgrounds and business priorities about your work']}]","[{'link': 'http://www.apple.com/', 'text': 'apple.com'}, {'link': 'https://www.google.com/search?sca_esv=596736736&q=Apple&sa=X&ved=0ahUKEwi9zanQqs-DAxVipJUCHVkvAxsQmJACCLcN', 'text': 'See web results for Apple'}]",https://encrypted-tbn0.gstatic.com/images?q=tbn:ANd9GcRrGv1mwjAAcRpCBNFJqhHUrLDBCojde7VFUsuc87k&s,['Full-time'],{'scheduleType': 'Full-time'},"{'title': 'Apply on Careers At Apple', 'link': 'https://jobs.apple.com/en-us/details/200501582/machine-learning-engineer-strategic-data-solutions?utm_campaign=google_jobs_apply&utm_source=google_jobs_apply&utm_medium=organic'}",Machine Learning Engineer,2024-01-08 22:11:06.887592
7,Senior Machine Learning Engineer,AKASA,Toronto,via Lever,"About AKASA

Our mission is to enable human health...

AKASA is the leading developer of AI for healthcare operations. Founded in 2019, AKASA has raised $85M in funding and has grown to more than 200 employees.

Our founding team includes Silicon Valley leaders who have founded or been founding team members of multiple companies with successful exits. Our investors include Andreessen Horowitz, BOND, and Costanoa Ventures, among others. Recognized in 2021 among Top 150 “Most Innovative Digital Health Startups” by CB Insights, Top 75 “Best Places to Work” by Modern Healthcare, Certified as a “Great Place to Work” two years in a row, and ranked #34 of Top 100 Healthcare Companies in 2021 by The Healthcare Technology Report. Learn more at www.AKASA.com.

We are building the future of healthcare with AI. Everyone is welcome — as an inclusive workplace, our employees are comfortable bringing their authentic selves to work.

Join us.

About the Role

As a remote Senior Machine Learning Engineer, you'll report to our Engineering Manager, Machine Learning and work with machine learning PhDs from top schools (e.g., Stanford, Cornell, UC Berkeley), and experienced machine learning engineers from top companies (e.g., Google, Facebook, Amazon). You will put machine learning into practice, so your code directly affects our customers immediately. You will work with large proprietary medical and clinical datasets containing both structured documents, natural language and images.

AKASA is based in South San Francisco. As a company, we embraced remote work before COVID-19. We consider ourselves experts in working collaboratively wherever our team members happen to reside within the US.

What You'll Do
• Participate in developing state-of-art machine learning solutions to address large scale healthcare problems
• Design and build pipelines that collect, preprocess, and deliver data with a measurable quality
• Write production-ready software with fast and efficient algorithms
• Develop state-of-the-art machine learning algorithms across computer vision, natural language understanding, and structured data problems to solve problems like medical document entity extraction and claim outcome prediction
• Own machine learning services from end-to-end, including problem discovery, data pipeline development, model experimentation, and service deployment
• Help build new machine learning prediction delivery systems - all of our products are built from the ground up with machine learning at their core, enabling us to deploy our predictions in new and interesting ways
• Opportunity to quickly make an impact and becoming a leader on the ML team

Skills & Qualifications
• Master's degree in Computer Science or similar
• 5+ years of work experience in machine learning or data engineering
• Have experience launching production systems from the ground up
• Proficiency in one or more programming languages such as Python and C++
• Development experience with big data technologies such as SQL and AWS/Cloud Platform
• Knowledge of machine learning frameworks such as Pytorch and/or Tensorflow
• Full-stack development experience for an end-to-end machine learning solution
• Ideal experience with Natural Language Processing or Computer Vision

What We Offer
• Unlimited paid time off (PTO)
• Expansive coverage for health, dental, and vision
• Employer contribution to Health Savings Accounts (HSA)
• Generous parent leave policy
• Full employee coverage for life insurance
• Company-paid holidays
• 401(K) plan

Compensation
• Based on market data and other factors, the salary range for this position is $175,000-$230,000 + Equity. However, a salary higher or lower than this range may be appropriate for a candidate whose qualifications differ meaningfully from those listed in the job description.
The above represents the expected salary range for this job requisition. Ultimately, in determining your pay, we'll consider your location, experience, and other job-related factors.

We’re committed to doing the best work of our lives, together. Come see if we're the right team for you.

AKASA is a proud equal opportunity employer and we believe that a diverse and inclusive workforce is an imperative. We welcome people of different backgrounds, genders, races, ethnicities, abilities, sexual orientations, and perspectives, just to name a few. We do not discriminate based upon any protected class and we encourage candidates of all identities and backgrounds to apply. AKASA considers qualified applicants regardless of criminal histories in accordance with the San Francisco Fair Chance Ordinance.

AKASA is committed to providing reasonable accommodations for candidates with disabilities in our recruiting process. If you need any assistance or accommodations due to a disability, please let us know at recruiting@akasa.com","[{'title': 'Qualifications', 'items': [""Master's degree in Computer Science or similar"", '5+ years of work experience in machine learning or data engineering', 'Have experience launching production systems from the ground up', 'Proficiency in one or more programming languages such as Python and C++', 'Development experience with big data technologies such as SQL and AWS/Cloud Platform', 'Knowledge of machine learning frameworks such as Pytorch and/or Tensorflow', 'Full-stack development experience for an end-to-end machine learning solution', 'Ideal experience with Natural Language Processing or Computer Vision']}, {'title': 'Responsibilities', 'items': [""As a remote Senior Machine Learning Engineer, you'll report to our Engineering Manager, Machine Learning and work with machine learning PhDs from top schools (e.g., Stanford, Cornell, UC Berkeley), and experienced machine learning engineers from top companies (e.g., Google, Facebook, Amazon)"", 'You will put machine learning into practice, so your code directly affects our customers immediately', 'Participate in developing state-of-art machine learning solutions to address large scale healthcare problems', 'Design and build pipelines that collect, preprocess, and deliver data with a measurable quality', 'Write production-ready software with fast and efficient algorithms', 'Develop state-of-the-art machine learning algorithms across computer vision, natural language understanding, and structured data problems to solve problems like medical document entity extraction and claim outcome prediction', 'Own machine learning services from end-to-end, including problem discovery, data pipeline development, model experimentation, and service deployment', 'Help build new machine learning prediction delivery systems - all of our products are built from the ground up with machine learning at their core, enabling us to deploy our predictions in new and interesting ways', 'Opportunity to quickly make an impact and becoming a leader on the ML team']}, {'title': 'Benefits', 'items': ['Unlimited paid time off (PTO)', 'Expansive coverage for health, dental, and vision', 'Employer contribution to Health Savings Accounts (HSA)', 'Generous parent leave policy', 'Full employee coverage for life insurance', 'Company-paid holidays', '401(K) plan', 'Compensation', 'Based on market data and other factors, the salary range for this position is $175,000-$230,000 + Equity']}]","[{'link': 'https://www.google.com/search?sca_esv=596736736&q=AKASA&sa=X&ved=0ahUKEwi9zanQqs-DAxVipJUCHVkvAxsQmJACCIMO', 'text': 'See web results for AKASA'}]",,"['Full-time', 'Health insurance', 'Dental insurance', 'Paid time off']",{'scheduleType': 'Full-time'},"{'title': 'Apply on Lever', 'link': 'https://jobs.lever.co/akasa.com/b9ef2d7f-d8cf-4b40-afb4-74d331eebf64?utm_campaign=google_jobs_apply&utm_source=google_jobs_apply&utm_medium=organic'}",Machine Learning Engineer,2024-01-08 22:11:06.887592
8,"Senior Director, Machine Learning Engineering/Consumer (Remote...",Nike,Toronto,via Nike Careers,"Become a Part of the NIKE, Inc. Team

NIKE, Inc. does more than outfit the world’s best athletes. It is a place to explore potential, obliterate boundaries and push out the edges of what can be. The company looks for people who can grow, think, dream and create. Its culture thrives by embracing diversity and rewarding imagination. The brand seeks achievers, leaders and visionaries. At NIKE, Inc... it’s about each person bringing skills and passion to a challenging and constantly evolving game.

Open to remote work except in South Dakota, Vermont and West Virginia.

The annual base salary for this position ranges from $195,400.00 in our lowest geographic market to $462,700.00 in our highest geographic market. Actual salary will vary based on a candidate's location, qualifications, skills and experience.

Information about benefits can be found here.

At the center of Nike’s Digital Transformation is our Consumer Direct Offense. Nike is driving investments in high quality data, platforms, and artificial intelligence products to create unbreakable relationships with consumers through powerful search and personalization. Nike is looking for a seasoned engineering leader who can develop amazing cross-functional teams of machine learning engineers, data engineers, and software engineers to deliver innovative machine learning and AI products and services at scale in support of Nike’s personalization deliverables. These include partnering with our Consumer Data Sciences team to solve complex business problems around enhanced search, product recommendations, editorial tagging automation, personalized communications, and the delivery of brand-new consumer experiences.

Who we are looking for
• A proven technical leader with deep knowledge and experience in creating production grade, end-to-end machine learning services at scale. As comfortable discussing modern NLP architectures (e.g. BERT/ULMFit), personalization algorithms, computer vision as you would discuss the CAP theorem. Able to dive deep into code and architecture to provide an informed opinion on benefits/trade-offs of different design choices.
• Highly organized and able to manage multiple timelines, priorities, and teams with ease. At the same time, able to quickly flex and pivot due to changing circumstances which present new opportunities for Nike.
• An effective communicator who can seamlessly transition between discussing high level vision with executives to low level tactics with the dev team. You are able to influence people and align efforts across the company to act as one in pursuit of a common goal.
• A constant learner who is passionate about staying at the forefront of the engineering and machine learning landscape through reading journals, books, or blogs. In equal measure, someone who is passionate about growing people and understanding how to effectively lead an organization.

What you will work on
• Build a compelling vision and an amazing machine learning engineering organization to support personalization at Nike.
• Develop a vision and long-term goals for how your teams will serve Nike’s athletes, plan the strategy for achieving those goals, and be responsible for its implementation towards the north star you set.
• Build and grow highly skilled, cross-functional product teams that deliver end-to-end personalization capabilities for Nike (e.g. tailored recommendations/experiences). Manage the professional development and career plans for those on your teams, help us develop the technology leaders of tomorrow.
• Set high standards for engineering excellence and drive innovation through Nike’s personalization function.
• Use engineering and machine learning best practices to consistently deliver scalable, production-grade solutions while actively managing costs and overhead. Continually raise the bar to improve standards, quality, reliability, and velocity of the teams.
• Leverage your prior experience, knowledge of industry trends, and personal creativity to develop new and innovative solutions which delight our customers. Given the rapid pace of change in technology and machine learning today, always be pushing the boundary of what’s possible and be on the offense always.
• Embrace and embody Nike’s core values (maxims) in your work and interactions with peers, stakeholders, and direct reports.
• Role model transparency and accountability as a leader of Nike. Communicate effectively, build trust and strong relationships across the company, do the right thing.
• Engage employees meaningfully, assist the teams by removing roadblocks, align efforts across Nike’s matrix to drive progress forward and always win as a team.

Who you will work with

Artificial Intelligence and Machine Learning (AI/ML) is one of the key groups within Enterprise Data and AI and we have been chartered to help scale machine learning across Nike. One way we do this is by bringing cross-disciplinary teams of data scientists and engineers to areas of the business which are early in their AI journey. For areas of the business which are more mature and already have data science teams, we help scale machine learning by providing squads of engineers to increase the velocity of those data science teams in delivering value to the business. Our teams work across time zones in the US West, US East, and Europe. Lastly, we work closely with our platform and architecture partners to develop capabilities which help machine learning scale easier at Nike (e.g. model management, A/B testing, feature stores).

What you bring
• Bachelor’s Degree in computer science, software engineering, or related field (Masters or Ph.D. preferred)
• 8 + years of experience in developing production grade code, preferably related to analytics or machine learning.
• Deep knowledge of software architecture and engineering best practices, especially modern cloud computing stacks for deploying machine learning and microservices at scale. For example, AWS for cloud provider, EKS for Kubernetes, Docker for containers, Jenkins for CI/CD, Tensorflow or Keras for a deep learning framework.
• Strong background (both theoretical and practical) in machine learning for personalization. For example, this could include product recommendation engines, NLP for unstructured text featurization, or autoencoders for feature embeddings.
• Experience influencing platform development for providing foundational machine learning components for data scientists to deliver into production. (i.e. AWS Sagemaker, MLFlow, Kubeflow)

NIKE, Inc. is a growth company that looks for team members to grow with it. Nike offers a generous total rewards package, casual work environment, a diverse and inclusive culture, and an electric atmosphere for professional development. No matter the location, or the role, every Nike employee shares one galvanizing mission: To bring inspiration and innovation to every athlete* in the world.

NIKE, Inc. is committed to employing a diverse workforce. Qualified applicants will receive consideration without regard to race, color, religion, sex, national origin, age, sexual orientation, gender identity, gender expression, veteran status, or disability","[{'title': 'Qualifications', 'items': ['A proven technical leader with deep knowledge and experience in creating production grade, end-to-end machine learning services at scale', 'Highly organized and able to manage multiple timelines, priorities, and teams with ease', 'An effective communicator who can seamlessly transition between discussing high level vision with executives to low level tactics with the dev team', 'You are able to influence people and align efforts across the company to act as one in pursuit of a common goal', 'A constant learner who is passionate about staying at the forefront of the engineering and machine learning landscape through reading journals, books, or blogs', 'In equal measure, someone who is passionate about growing people and understanding how to effectively lead an organization', '8 + years of experience in developing production grade code, preferably related to analytics or machine learning', 'Deep knowledge of software architecture and engineering best practices, especially modern cloud computing stacks for deploying machine learning and microservices at scale', 'For example, AWS for cloud provider, EKS for Kubernetes, Docker for containers, Jenkins for CI/CD, Tensorflow or Keras for a deep learning framework', 'Strong background (both theoretical and practical) in machine learning for personalization', 'For example, this could include product recommendation engines, NLP for unstructured text featurization, or autoencoders for feature embeddings']}, {'title': 'Responsibilities', 'items': ['Build a compelling vision and an amazing machine learning engineering organization to support personalization at Nike', 'Develop a vision and long-term goals for how your teams will serve Nike’s athletes, plan the strategy for achieving those goals, and be responsible for its implementation towards the north star you set', 'Build and grow highly skilled, cross-functional product teams that deliver end-to-end personalization capabilities for Nike (e.g. tailored recommendations/experiences)', 'Manage the professional development and career plans for those on your teams, help us develop the technology leaders of tomorrow', 'Set high standards for engineering excellence and drive innovation through Nike’s personalization function', 'Use engineering and machine learning best practices to consistently deliver scalable, production-grade solutions while actively managing costs and overhead', 'Continually raise the bar to improve standards, quality, reliability, and velocity of the teams', 'Leverage your prior experience, knowledge of industry trends, and personal creativity to develop new and innovative solutions which delight our customers', 'Embrace and embody Nike’s core values (maxims) in your work and interactions with peers, stakeholders, and direct reports', 'Role model transparency and accountability as a leader of Nike', 'Communicate effectively, build trust and strong relationships across the company, do the right thing', 'Engage employees meaningfully, assist the teams by removing roadblocks, align efforts across Nike’s matrix to drive progress forward and always win as a team']}, {'title': 'Benefits', 'items': ['The annual base salary for this position ranges from $195,400.00 in our lowest geographic market to $462,700.00 in our highest geographic market']}]","[{'link': 'http://www.nike.com/', 'text': 'nike.com'}, {'link': 'https://www.google.com/search?sca_esv=596736736&q=Nike&sa=X&ved=0ahUKEwi9zanQqs-DAxVipJUCHVkvAxsQmJACCNQO', 'text': 'See web results for Nike'}]",https://encrypted-tbn0.gstatic.com/images?q=tbn:ANd9GcR1CemD5oXsyyr01KtwWOoC7BTIunbPEq6156cl&s=0,['Full-time'],{'scheduleType': 'Full-time'},"{'title': 'Apply on Nike Careers', 'link': 'https://jobs.nike.com/job/R-3122?utm_campaign=google_jobs_apply&utm_source=google_jobs_apply&utm_medium=organic'}",Machine Learning Engineer,2024-01-08 22:11:06.887592
9,Machine Learning Engineer,Coders Data,Toronto,via LinkedIn,"Role: AI/ML Engineer

Location: Woodland Hills, CA (day one hybrid...

Duration: 12+ Months

Notes:
• Need candidates with strong comm skills and are strong in hands-on coding.
• There will be an Online Assessment for Model Building.
• Need someone who can build models from Scratch Need real time data building experience.
• Any domain experience is fine.
• LLM / Generative AI Document Extraction/ CHAT.
• Candidates should be strong Model creation, Fundamentals.
• Experience in LLM and Generative AI.
• Experience in Document extraction/chat.

Requirements:
• Experience in building and maintaining open-domain or health care domain-specific ontologies.
• Knowledge of Graph (AI-ML) required.
• Understanding of knowledge graphs.
• Experience working in a cloud-native environment such as AWS.
• Should have hands-on experience with AWS Neptune or Neo4J graph database.
• Have experience in building graph-based ontology from scratch and working with structured and unstructured data.
• Experience supporting ML models development on big data infrastructure (on knowledge graph would be a bonus).
• Hands on python to build knowledge Graph/ontologies.
• Experience with AWS Textract, Comprehend Medical (nice to have","[{'title': 'Qualifications', 'items': ['Need candidates with strong comm skills and are strong in hands-on coding', 'Any domain experience is fine', 'Candidates should be strong Model creation, Fundamentals', 'Experience in LLM and Generative AI', 'Experience in Document extraction/chat', 'Experience in building and maintaining open-domain or health care domain-specific ontologies', 'Knowledge of Graph (AI-ML) required', 'Understanding of knowledge graphs', 'Experience working in a cloud-native environment such as AWS', 'Should have hands-on experience with AWS Neptune or Neo4J graph database', 'Have experience in building graph-based ontology from scratch and working with structured and unstructured data', 'Experience supporting ML models development on big data infrastructure (on knowledge graph would be a bonus)', 'Hands on python to build knowledge Graph/ontologies', 'Experience with AWS Textract, Comprehend Medical (nice to have)']}, {'title': 'Responsibilities', 'items': ['There will be an Online Assessment for Model Building']}]","[{'link': 'https://www.google.com/search?sca_esv=596736736&q=Coders+Data&sa=X&ved=0ahUKEwi9zanQqs-DAxVipJUCHVkvAxsQmJACCJkP', 'text': 'See web results for Coders Data'}]",https://encrypted-tbn0.gstatic.com/images?q=tbn:ANd9GcT6_ooe5ro0aqYgsXEygk4P2YtBgxr08_af9rvKA1M&s,"['8 hours ago', '75K–85K a year', 'Full-time and Temp work']","{'postedAt': '8 hours ago', 'scheduleType': 'Full-time and Temp work', 'salary': '75K–85K a year'}","{'title': 'Apply on LinkedIn', 'link': 'https://www.linkedin.com/jobs/view/machine-learning-engineer-at-coders-data-3801722807?utm_campaign=google_jobs_apply&utm_source=google_jobs_apply&utm_medium=organic'}",Machine Learning Engineer,2024-01-08 22:11:06.887592
